{
    "loss": 0.2645653188228607,
    "accuracy": 0.8627451062202454
}